{
    "data": {
        "lookups": [
            "trait"
        ],
        "name": "intent",
        "lang": "en",
        "id": "intent",
        "doc": "User-defined entity",
        "builtin": false,
        "values": [
            {
                "value": "wakeup",
                "expressions": []
            },
            {
                "value": "reboot",
                "expressions": []
            },
            {
                "value": "show_ip",
                "expressions": []
            },
            {
                "value": "shutdown",
                "expressions": []
            },
            {
                "value": "turn_backlight_off",
                "expressions": []
            },
            {
                "value": "turn_backlight_on",
                "expressions": []
            }
        ]
    }
}
