{
    "data": {
        "lookups": [
            "trait"
        ],
        "name": "intent",
        "lang": "en",
        "id": "intent",
        "doc": "User-defined entity",
        "builtin": false,
        "values": [
            {
                "value": "play_random_videos",
                "expressions": []
            },
            {
                "value": "skip_ad",
                "expressions": []
            },
            {
                "value": "video_seek",
                "expressions": []
            },
            {
                "value": "page_resume_media",
                "expressions": []
            },
            {
                "value": "page_pause_media",
                "expressions": []
            },
            {
                "value": "go_back",
                "expressions": []
            },
            {
                "value": "page_move_focus",
                "expressions": []
            },
            {
                "value": "select_search_result",
                "expressions": []
            },
            {
                "value": "page_select",
                "expressions": []
            },
            {
                "value": "search_query",
                "expressions": []
            }
        ]
    }
}
