{
    "data": {
        "lookups": [
            "keywords"
        ],
        "name": "move_direction",
        "lang": "en",
        "id": "move_direction",
        "doc": "User-defined entity",
        "builtin": false,
        "values": [
            {
                "value": "up",
                "expressions": [
                    "up"
                ]
            },
            {
                "value": "left",
                "expressions": [
                    "left"
                ]
            },
            {
                "value": "right",
                "expressions": [
                    "right"
                ]
            },
            {
                "value": "down",
                "expressions": [
                    "down"
                ]
            }
        ]
    }
}
