{
    "data": {
        "lookups": [
            "free-text"
        ],
        "name": "query",
        "lang": "en",
        "id": "query",
        "doc": "User-defined entity",
        "builtin": false,
        "values": [
            {
                "value": "comedy",
                "expressions": [
                    "comedy"
                ]
            },
            {
                "value": "anime",
                "expressions": [
                    "anime"
                ]
            },
            {
                "value": "cook instructions",
                "expressions": [
                    "cook instructions"
                ]
            },
            {
                "value": "lessons",
                "expressions": [
                    "lessons"
                ]
            },
            {
                "value": "movies",
                "expressions": [
                    "movies"
                ]
            },
            {
                "value": "funny videos",
                "expressions": [
                    "funny videos"
                ]
            },
            {
                "value": "news",
                "expressions": [
                    "news"
                ]
            },
            {
                "value": "music videos",
                "expressions": [
                    "music videos"
                ]
            }
        ]
    }
}
