{
    "data": {
        "lookups": [
            "keywords"
        ],
        "name": "seek_direction",
        "lang": "en",
        "id": "seek_direction",
        "doc": "User-defined entity",
        "builtin": false,
        "values": [
            {
                "value": "back",
                "expressions": [
                    "back",
                    "backward"
                ]
            },
            {
                "value": "forward",
                "expressions": [
                    "forward"
                ]
            }
        ]
    }
}
