{
    "data": {
        "lookups": [
            "keywords",
            "free-text"
        ],
        "name": "topic",
        "lang": "en",
        "id": "topic",
        "doc": "User-defined entity",
        "builtin": false,
        "values": [
            {
                "value": "geeky",
                "expressions": [
                    "geeky"
                ]
            },
            {
                "value": "food",
                "expressions": [
                    "food"
                ]
            },
            {
                "value": "tech news",
                "expressions": [
                    "tech news"
                ]
            },
            {
                "value": "world news",
                "expressions": [
                    "world news"
                ]
            },
            {
                "value": "lifestyle",
                "expressions": [
                    "lifestyle"
                ]
            },
            {
                "value": "visual music",
                "expressions": [
                    "visual music"
                ]
            },
            {
                "value": "internet news",
                "expressions": [
                    "internet news"
                ]
            },
            {
                "value": "travel",
                "expressions": [
                    "travel"
                ]
            },
            {
                "value": "lol",
                "expressions": [
                    "lol"
                ]
            },
            {
                "value": "beauty",
                "expressions": [
                    "beauty"
                ]
            },
            {
                "value": "history",
                "expressions": [
                    "history"
                ]
            },
            {
                "value": "instant regret",
                "expressions": [
                    "instant regret"
                ]
            },
            {
                "value": "learn something",
                "expressions": [
                    "learn something"
                ]
            }
        ]
    }
}
