{
    "data": [
        {
            "text": "turn on the backlight",
            "entities": [
                {
                    "entity": "intent",
                    "value": "\"turn_backlight_on\""
                }
            ]
        },
        {
            "text": "turn off backlight",
            "entities": [
                {
                    "entity": "intent",
                    "value": "\"turn_backlight_off\""
                }
            ]
        },
        {
            "text": "shut down",
            "entities": [
                {
                    "entity": "intent",
                    "value": "\"shutdown\""
                }
            ]
        },
        {
            "text": "reboot",
            "entities": [
                {
                    "entity": "intent",
                    "value": "\"reboot\""
                }
            ]
        },
        {
            "text": "what is my ip",
            "entities": [
                {
                    "entity": "intent",
                    "value": "\"show_ip\""
                }
            ]
        },
        {
            "text": "turn on backlight",
            "entities": [
                {
                    "entity": "intent",
                    "value": "\"turn_backlight_on\""
                }
            ]
        },
        {
            "text": "turn off the backlight",
            "entities": [
                {
                    "entity": "intent",
                    "value": "\"turn_backlight_off\""
                }
            ]
        },
        {
            "text": "turn backlight on",
            "entities": [
                {
                    "entity": "intent",
                    "value": "\"turn_backlight_on\""
                }
            ]
        },
        {
            "text": "turn backlight off",
            "entities": [
                {
                    "entity": "intent",
                    "value": "\"turn_backlight_off\""
                }
            ]
        },
        {
            "text": "reboot the machine",
            "entities": [
                {
                    "entity": "intent",
                    "value": "\"reboot\""
                }
            ]
        },
        {
            "text": "what's my ip address",
            "entities": [
                {
                    "entity": "intent",
                    "value": "\"show_ip\""
                }
            ]
        },
        {
            "text": "list my ip",
            "entities": [
                {
                    "entity": "intent",
                    "value": "\"show_ip\""
                }
            ]
        },
        {
            "text": "show my ip",
            "entities": [
                {
                    "entity": "intent",
                    "value": "\"show_ip\""
                }
            ]
        },
        {
            "text": "reboot raspberry pi",
            "entities": [
                {
                    "entity": "intent",
                    "value": "\"reboot\""
                }
            ]
        },
        {
            "text": "shut down the raspberry pi",
            "entities": [
                {
                    "entity": "intent",
                    "value": "\"shutdown\""
                }
            ]
        },
        {
            "text": "wake up",
            "entities": [
                {
                    "entity": "intent",
                    "value": "\"wakeup\""
                }
            ]
        },
        {
            "text": "wake up the screen",
            "entities": [
                {
                    "entity": "intent",
                    "value": "\"wakeup\""
                }
            ]
        }
    ]
}
